,,,,,,,,
,図 番号,フォルダ名,ファイル名,*.py,*.ipynb,,,
,図 2.2,chp2,fig2.02,〇,×,,,
,図 2.6 ～ 図 2.14,chp2,fig2.06_14,〇,〇,,,
,図 3.3,chp3,fig3.03,〇,×,,,
,図 3.8,chp3,fig3.08,〇,〇,,,
,図 3.9 ～ 図 3.10,chp3,fig3.09_10,〇,〇,,,
,図 3.11,chp3,fig3.11,〇,×,,,
,図 4.2,chp4,fig4.02,〇,×,,,
,図 4.3,chp4,fig4.03,〇,×,,,
,図 5.2,chp5,fig5.02,〇,×,,,
,図 5.3 ～ 図 5.4,chp5,fig5.03_04,〇,×,,,
,図 5.5 ～ 図 5.10,chp5,fig5.05_10,〇,×,,,
,図 5.11,chp5,fig5.11,〇,×,,,
,図 6.1,chp6,fig6.01,〇,×,,,
,図 6.2,chp6,fig6.02,〇,×,,,
,図 6.4 ～ 図 6.6,chp6,fig6.04_06,〇,〇,,,
,図 6.7 ～ 図 6.8,chp6,fig6.07_08,〇,×,,,
,図 6.8,chp6,fig6.08,〇,〇,,,
,図 6.11,chp6,fig6.11,〇,×,,,
,図 6.13,chp6,fig6.13,〇,×,,,
,図 7.5,chp7,fig7.05,〇,×,,,
,図 7.7,chp7,fig7.07,〇,×,,,
,図 7.8,chp7,fig7.08,〇,×,,,
,図 7.9,chp7,fig7.09,〇,×,,,
,図 7.10,chp7,fig7.10,〇,×,,,
,図 7.11,chp7,fig7.11,〇,×,,,
,図 7.12,chp7,fig7.12,〇,×,,,
,図 7.14 ～ 図 7.17,chp7,fig7.14_17,〇,×,,,
,図 7.18 ～ 図 7.19,chp7,fig7.18_19,〇,×,,,
,図 8.2 ～ 図 8.3,chp8,fig8.02_03,〇,×,,,
,図 8.4 ～ 図 8.8,chp8,fig8.04_08,〇,×,,,
,図 8.9,chp8,fig8.09,〇,×,,,
